row_num;nmac1;nmac2;nmac3;nmac4;nmac5;nmac6
0;2043;2043;1980;2016;2098;2095
1;2042;2056;1987;1990;2093;2112
2;2041;2044;2000;1983;2103;2098
3;2041;2043;1980;1984;2112;2098
4;2044;2044;1981;1991;2093;2096
5;2043;2042;1983;2016;2098;2103
6;2044;2041;1981;1983;2097;2112
7;2045;2044;2000;2000;2099;2091
8;2041;2045;1986;1987;2112;2098
9;2045;2064;1981;1987;2097;2096
10;2043;2043;1983;2016;2098;2099
11;2042;2045;1981;1981;2112;2112
12;2040;2044;1977;1978;2107;2103
13;2041;2043;1977;1984;2112;2110
14;2044;2048;1977;1975;2111;2112
15;2043;2043;1972;1984;2110;2115
16;2044;2041;1971;1971;2113;2144
17;2043;2045;1968;1970;2123;2115
18;2041;2045;1963;1968;2144;2111
19;2044;2048;1965;1975;2114;2120
20;2041;2043;1968;1984;2130;2123
21;2044;2041;1957;1961;2120;2144
22;2042;2044;1968;1970;2123;2122
23;2056;2043;1953;1955;2144;2130
24;2044;2048;1960;1959;2125;2124
25;2043;2045;1960;1952;2130;2135
26;2044;2041;1953;1945;2136;2144
27;2043;2045;1943;1947;2139;2131
28;2041;2041;1947;1952;2144;2138
29;2044;2044;1945;1943;2140;2144
30;2043;2043;1952;1952;2138;2147
31;2044;2056;1941;1941;2144;2144
32;2043;2044;1936;1938;2147;2140
33;2056;2043;1939;1941;2144;2142
34;2044;2044;1945;1943;2143;2147
35;2043;2045;1952;1952;2160;2147
36;2041;2045;1929;1936;2144;2144
37;2043;2044;1936;1938;2151;2150
38;2041;2043;1930;1919;2150;2160
39;2045;2044;1933;1935;2144;2145
40;2043;2042;1952;1952;2160;2159
41;2044;2056;1927;1925;2155;2153
42;2040;2045;1936;1936;2159;2150
43;2041;2045;1928;1919;2159;2163
44;2044;2044;1917;1919;2164;2165
45;2041;2045;1916;1918;2163;2163
46;2040;2041;1921;1915;2169;2168
47;2040;2045;1910;1907;2175;2170
48;2041;2045;1909;1913;2166;2163
49;2044;2044;1913;1919;2172;2173
50;2041;2044;1908;1903;2192;2179
51;2041;2056;1907;1909;2168;2164
52;2042;2045;1914;1918;2171;2165
53;2041;2047;1912;1913;2166;2163
54;2044;2044;1928;1927;2151;2152
55;2043;2044;1936;1952;2162;2159
56;2041;2041;1923;1924;2157;2148
57;2040;2046;1936;1938;2151;2144
58;2041;2045;1933;1919;2149;2162
59;2044;2044;1929;1931;2153;2152
60;2041;2045;1952;1952;2160;2151
61;2040;2073;1933;1929;2153;2156
62;2041;2045;1936;1936;2159;2154
63;2056;2045;1928;1919;2152;2160
64;2044;2048;1929;1927;2160;2161
65;2041;2045;1917;1916;2162;2159
66;2043;2041;1923;1928;2153;2152
67;2040;2044;1936;1936;2167;2160
68;2041;2045;1920;1919;2150;2160
69;2044;2042;1929;1931;2151;2155
70;2043;2045;1924;1952;2162;2163
71;2042;2056;1923;1919;2161;2156
72;2042;2046;1936;1936;2159;2156
73;2056;2045;1920;1919;2160;2163
74;2044;2044;1913;1923;2164;2161
75;2043;2044;1918;1918;2162;2163
76;2064;2056;1921;1919;2163;2165
77;2043;2044;1914;1914;2171;2165
78;2041;2043;1913;1917;2162;2162
79;2044;2044;1917;1919;2163;2169
80;2043;2044;1908;1910;2174;2175
81;2048;2045;1909;1912;2169;2165
82;2043;2044;1912;1907;2175;2174
83;2041;2047;1903;1905;2173;2192
84;2044;2041;1912;1911;2173;2175
85;2043;2044;1908;1903;2192;2183
86;2045;2041;1901;1896;2175;2208
87;2043;2045;1904;1906;2183;2179
88;2041;2043;1899;1901;2208;2192
89;2044;2064;1897;1895;2187;2175
90;2043;2045;1904;1892;2194;2195
91;2041;2056;1889;1890;2175;2208
92;2042;2044;1904;1883;2199;2192
93;2041;2045;1886;1888;2208;2194
94;2045;2048;1885;1891;2194;2197
95;2043;2041;1888;1888;2194;2191
96;2040;2056;1893;1891;2175;2208
97;2043;2044;1904;1904;2191;2188
98;2041;2043;1888;1893;2208;2192
99;2044;2044;1897;1899;2186;2175
100;2043;2048;1904;1888;2194;2199
101;2042;2056;1887;1882;2200;2208
102;2043;2048;1880;1882;2203;2196
103;2041;2045;1880;1888;2208;2206
104;2040;2048;1880;1875;2205;2208
105;2043;2045;1855;1888;2203;2203
106;2044;2056;1877;1878;2208;2208
107;2042;2046;1877;1875;2207;2202
108;2041;2043;1874;1880;2208;2195
109;2044;2044;1881;1887;2201;2208
110;2043;2043;1888;1888;2202;2203
111;2041;2041;1881;1881;2195;2208
112;2041;2045;1877;1882;2207;2201
113;2041;2043;1878;1880;2208;2195
114;2044;2044;1881;1887;2197;2208
115;2041;2043;1888;1888;2199;2207
116;2064;2041;1875;1876;2208;2208
117;2041;2045;1876;1875;2203;2192
118;2041;2043;1880;1880;2208;2207
119;2044;2044;1881;1879;2203;2208
120;2041;2044;1855;1888;2195;2199
121;2043;2041;1881;1881;2208;2208
122;2041;2044;1878;1879;2199;2196
123;2041;2043;1883;1888;2208;2195
124;2044;2044;1881;1883;2203;2208
125;2043;2043;1855;1888;2206;2211
126;2043;2041;1871;1872;2208;2208
127;2043;2044;1872;1875;2215;2210
128;2041;2043;1868;1868;2240;2224
129;2044;2044;1865;1871;2206;2210
130;2043;2045;1855;1888;2224;2219
131;2042;2041;1863;1866;2216;2240
132;2058;2044;1872;1872;2215;2213
133;2041;2045;1864;1867;2240;2226
134;2044;2044;1865;1867;2218;2216
135;2043;2043;1855;1888;2226;2219
136;2042;2041;1863;1861;2211;2208
137;2042;2044;1872;1875;2203;2198
138;2041;2045;1880;1888;2208;2199
139;2044;2064;1881;1879;2200;2208
140;2041;2044;1855;1888;2207;2215
141;2044;2041;1869;1872;2211;2208
142;2041;2045;1872;1874;2219;2212
143;2041;2041;1864;1860;2240;2226
144;2044;2044;1853;1867;2215;2217
145;2041;2045;1855;1888;2226;2223
146;2041;2056;1867;1863;2211;2240
147;2042;2044;1872;1872;2215;2211
148;2041;2043;1865;1872;2240;2224
149;2044;2044;1865;1871;2209;2211
150;2043;2043;1855;1888;2224;2215
151;2044;2041;1867;1874;2216;2240
152;2040;2046;1872;1872;2219;2209
153;2041;2043;1865;1859;2240;2224
154;2044;2044;1865;1875;2213;2240
155;2043;2045;1854;1888;2224;2215
156;2042;2056;1867;1858;2240;2240
157;2042;2045;1872;1874;2215;2224
158;2041;2043;1849;1856;2240;2224
159;2044;2064;1865;1871;2220;2216
160;2043;2043;1855;1888;2224;2215
161;2041;2056;1863;1860;2217;2240
162;2042;2044;1872;1874;2215;2210
163;2041;2043;1867;1866;2240;2207
164;2044;2044;1869;1871;2213;2240
165;2043;2044;1852;1888;2207;2211
166;2041;2045;1873;1864;2240;2240
167;2041;2046;1872;1874;2215;2229
168;2041;2045;1845;1843;2240;2207
169;2044;2048;1869;1871;2236;2240
170;2041;2043;1852;1888;2226;2223
171;2043;2056;1853;1840;2240;2240
172;2040;2044;1872;1872;2231;2238
173;2041;2043;1841;1856;2240;2226
174;2044;2044;1853;1855;2229;2240
175;2043;2042;1852;1856;2226;2235
176;2042;2056;1847;1855;2240;2240
177;2041;2045;1853;1855;2231;2221
178;2041;2045;1857;1856;2240;2227
179;2044;2044;1849;1855;2235;2241
180;2043;2043;1840;1856;2238;2235
181;2042;2041;1849;1842;2240;2240
182;2041;2044;1844;1843;2235;2248
183;2041;2043;1833;1841;2240;2231
184;2044;2044;1849;1847;2245;2241
185;2041;2043;1844;1856;2231;2251
186;2042;2041;1831;1827;2240;2240
187;2031;2044;1845;1851;2251;2246
188;2041;2047;1833;1840;2272;2239
189;2044;2044;1837;1831;2239;2240
190;2041;2048;1848;1856;2235;2247
191;2042;2056;1839;1841;2240;2240
192;2043;2044;1842;1842;2239;2233
193;2041;2043;1843;1856;2240;2238
194;2044;2042;1849;1855;2235;2240
195;2041;2043;1849;1856;2231;2231
196;2044;2056;1849;1843;2240;2240
197;2042;2045;1843;1843;2239;2236
198;2056;2043;1842;1856;2272;2227
199;2044;2044;1849;1851;2229;2240
200;2043;2043;1844;1856;2231;2243
201;2041;2056;1845;1848;2240;2240
202;2040;2045;1846;1847;2239;2229
203;2056;2043;1846;1856;2240;2235
204;2044;2048;1848;1851;2231;2240
205;2041;2043;1849;1856;2234;2231
206;2042;2041;1851;1844;2240;2240
207;2043;2044;1845;1843;2231;2233
208;2041;2043;1845;1856;2240;2227
209;2044;2044;1849;1851;2234;2240
210;2043;2044;1848;1856;2227;2235
211;2044;2041;1841;1848;2240;2272
212;2042;2044;1841;1843;2243;2232
213;2041;2047;1845;1841;2272;2234
214;2045;2044;1848;1847;2232;2241
215;2043;2042;1840;1856;2256;2243
216;2044;2041;1843;1845;2240;2240
217;2042;2045;1844;1842;2239;2241
218;2041;2045;1835;1840;2272;2256
219;2044;2044;1837;1847;2240;2240
220;2043;2043;1840;1856;2239;2243
221;2042;2041;1833;1833;2240;2272
222;2041;2045;1840;1842;2243;2237
223;2041;2043;1841;1843;2272;2238
224;2044;2041;1837;1839;2238;2248
225;2045;2043;1840;1856;2239;2247
226;2041;2056;1835;1841;2245;2272
227;2042;2044;1840;1840;2247;2241
228;2041;2043;1832;1835;2272;2256
229;2044;2048;1833;1847;2241;2245
230;2043;2043;1840;1856;2256;2243
231;2043;2041;1835;1834;2241;2272
232;2043;2044;1840;1842;2247;2248
233;2041;2045;1828;1837;2272;2256
234;2044;2044;1833;1839;2247;2243
235;2043;2048;1840;1856;2239;2255
236;2044;2041;1829;1832;2248;2272
237;2042;2044;1840;1842;2251;2240
238;2041;2043;1835;1832;2272;2258
239;2044;2044;1832;1835;2245;2251
240;2043;2043;1829;1856;2256;2247
241;2044;2045;1839;1832;2248;2272
242;2040;2046;1840;1840;2247;2248
243;2041;2041;1829;1837;2272;2256
244;2044;2044;1837;1843;2246;2241
245;2043;2043;1840;1830;2256;2251
246;2043;2056;1835;1835;2240;2272
247;2042;2044;1840;1842;2251;2245
248;2041;2043;1832;1832;2272;2256
249;2044;2044;1833;1835;2237;2248
250;2039;2043;1832;1856;2256;2251
251;2044;2056;1833;1835;2249;2272
252;2044;2044;1840;1840;2243;2241
253;2041;2043;1832;1833;2272;2258
254;2044;2045;1833;1843;2244;2243
255;2041;2044;1840;1856;2256;2243
256;2044;2041;1837;1832;2240;2272
257;2040;2044;1840;1842;2247;2247
258;2041;2043;1835;1841;2272;2239
259;2044;2064;1848;1839;2239;2245
260;2041;2043;1840;1856;2238;2251
261;2032;2056;1833;1840;2241;2272
262;2042;2044;1840;1842;2247;2239
263;2041;2043;1837;1833;2240;2256
264;2044;2044;1833;1843;2236;2243
265;2041;2044;1840;1856;2256;2243
266;2044;2041;1841;1835;2240;2272
267;2041;2044;1840;1842;2235;2241
268;2041;2043;1835;1856;2272;2256
269;2044;2044;1837;1843;2241;2240
270;2043;2043;1844;1856;2227;2243
271;2041;2041;1839;1843;2241;2272
272;2043;2045;1840;1843;2243;2232
273;2041;2045;1844;1841;2272;2231
274;2044;2045;1849;1847;2229;2241
275;2041;2043;1840;1856;2238;2239
276;2044;2056;1847;1848;2240;2240
277;2045;2044;1846;1842;2235;2235
278;2045;2043;1838;1856;2240;2238
279;2044;2042;1849;1859;2229;2240
280;2041;2043;1852;1856;2227;2235
281;2042;2041;1843;1845;2240;2240
282;2041;2045;1844;1855;2231;2227
283;2041;2045;1850;1856;2240;2226
284;2044;2044;1853;1851;2222;2240
285;2043;2043;1852;1856;2226;2227
286;2043;2056;1851;1860;2225;2240
287;2042;2045;1857;1854;2227;2218
288;2041;2045;1856;1857;2240;2226
289;2044;2045;1853;1863;2217;2221
290;2043;2043;1855;1888;2226;2215
291;2042;2056;1865;1863;2211;2240
292;2042;2046;1872;1872;2215;2218
293;2041;2041;1864;1872;2240;2207
294;2044;2044;1880;1879;2203;2208
295;2043;2043;1855;1888;2202;2215
296;2041;2041;1869;1874;2208;2208
297;2044;2045;1880;1882;2203;2193
298;2041;2045;1885;1888;2208;2195
299;2044;2042;1881;1887;2186;2175
300;2043;2045;1888;1896;2192;2187
301;2041;2056;1899;1895;2175;2208
302;2042;2044;1904;1904;2179;2179
303;2041;2043;1899;1905;2166;2171
304;2044;2041;1913;1919;2170;2169
305;2041;2043;1912;1909;2163;2167
306;2041;2041;1915;1915;2155;2164
307;2044;2044;1919;1936;2163;2161
308;2041;2045;1920;1919;2158;2162
309;2044;2045;1929;1927;2147;2152
310;2043;2042;1936;1952;2160;2155
311;2042;2041;1927;1936;2147;2144
312;2043;2046;1983;1939;2139;2132
313;2041;2045;1944;1952;2144;2139
314;2040;2045;1945;1947;2130;2129
315;2043;2044;1952;1954;2130;2123
316;2044;2056;1963;1954;2120;2144
317;2042;2044;1968;1968;2119;2117
318;2041;2045;1961;1971;2112;2110
319;2040;2072;1976;1971;2113;2117
320;2043;2042;1968;1984;2111;2119
321;2041;2056;1963;1965;2115;2144
322;2043;2044;1968;1970;2123;2119
323;2041;2041;1960;1952;2144;2128
324;2044;2064;1961;1967;2117;2128
325;2043;2043;1952;1984;2130;2135
326;2041;2041;1953;1945;2129;2144
327;2040;2044;1968;1947;2127;2132
328;2041;2045;1944;1952;2144;2138
329;2044;2041;1945;1951;2134;2129
330;2043;2044;1952;1952;2130;2131
331;2044;2041;1951;1949;2128;2144
332;2041;2044;1968;1968;2131;2122
333;2041;2045;1956;1957;2144;2128
334;2044;2064;1961;1955;2118;2128
335;2043;2045;1956;1984;2128;2123
336;2040;2041;1961;1960;2123;2144
337;2042;2044;1968;1968;2119;2123
338;2041;2043;1953;1953;2144;2130
339;2044;2064;1961;1967;2121;2123
340;2043;2045;1968;1984;2128;2123
341;2042;2056;1957;1946;2121;2144
342;2042;2044;1968;1970;2127;2131
343;2056;2045;1950;1960;2144;2111
344;2041;2064;1961;1955;2122;2120
345;2043;2043;1968;1984;2128;2131
346;2042;2056;1955;1959;2120;2144
347;2040;2044;1968;1970;2123;2115
348;2041;2043;1962;1961;2112;2128
349;2040;2044;1960;1967;2117;2121
350;2039;2043;1968;1984;2111;2115
351;2044;2041;1973;1963;2112;2144
352;2042;2044;1968;1970;2115;2115
353;2041;2043;1965;1984;2112;2099
354;2044;2044;1981;1983;2101;2112
355;2043;2044;1982;1984;2098;2107
356;2042;2041;1977;1979;2091;2112
357;2042;2045;2000;1983;2103;2096
358;2041;2045;1983;1984;2112;2103
359;2044;2044;1977;1979;2091;2112
360;2041;2044;1983;2016;2110;2111
361;2044;2041;1973;1977;2112;2112
362;2042;2044;1976;1970;2103;2100
363;2041;2043;1978;1984;2112;2111
364;2044;2044;1977;1979;2102;2112
365;2039;2042;1980;1984;2099;2103
366;2041;2041;1979;1975;2112;2112
367;2043;2044;1969;1975;2107;2099
368;2041;2043;1979;1984;2112;2099
369;2044;2064;1981;1979;2100;2112
370;2043;2048;1972;1984;2099;2107
371;2042;2041;1979;1983;2112;2112
372;2043;2044;1980;1971;2107;2105
373;2041;2043;1972;1984;2112;2099
374;2044;2032;1977;1987;2096;2112
375;2043;2043;1980;1984;2099;2103
376;2042;2056;1979;1975;2096;2112
377;2041;2044;2000;2000;2095;2097
378;2041;2043;1982;1984;2112;2099
379;2044;2044;1977;1983;2097;2096
380;2043;2044;1983;2016;2096;2103
381;2041;2045;1983;1983;2112;2112
382;2042;2044;1980;1979;2103;2091
383;2041;2043;1987;1987;2112;2098
384;2044;2041;1981;1983;2097;2112
385;2043;2046;1980;2016;2098;2091
386;2041;2056;1991;1990;2088;2112
387;2041;2044;2000;2000;2099;2097
388;2041;2043;1982;1987;2112;2096
389;2044;2044;1993;1999;2083;2088
390;2043;2043;1983;2016;2096;2099
391;2044;2056;1985;1988;2083;2081
392;2041;2045;2000;2003;2083;2075
393;2041;2043;2002;2000;2080;2096
394;2044;2044;1997;2003;2064;2065
395;2043;2044;2016;2022;2064;2063
396;2041;2056;2021;2048;2057;2080
397;2042;2045;2032;2032;2051;2048
398;2041;2043;2041;2043;2029;2035
399;2044;2064;2041;2051;2048;2040
400;2043;2044;2044;2043;2034;2027
401;2043;2041;2047;2055;2017;2024
402;2042;2044;2064;2064;2031;2048
403;2041;2043;2050;2056;2018;2011
404;2044;2044;2073;2075;2002;2005
405;2041;2044;2080;2080;2003;2011
406;2042;2056;2073;2075;1995;2016
407;2040;2045;2096;2098;1987;1983
408;2041;2045;2092;2089;2016;2002
409;2044;2044;2089;2087;1989;1989
410;2043;2045;2096;2112;2000;1995
411;2044;2056;2087;2078;2001;2016
412;2043;2046;2072;2074;2003;1996
413;2041;2047;2078;2085;2016;2002
414;2044;2064;2088;2075;2048;2016
415;2041;2043;2080;2080;2002;2007
416;2042;2056;2081;2082;2000;2016
417;2041;2046;2096;2067;2019;2048
418;2041;2045;2064;2064;2016;2003
419;2044;2044;2073;2079;2003;2016
420;2041;2044;2080;2080;2032;2027
421;2044;2041;2047;2052;2017;2016
422;2042;2045;2064;2066;2015;2048
423;2041;2043;2058;2056;2028;2034
424;2044;2044;2056;2055;2048;2019
425;2043;2046;2080;2080;2015;2031
426;2044;2056;2047;2048;2035;2040
427;2040;2045;2044;2043;2031;2048
428;2041;2043;2056;2058;2016;2034
429;2044;2044;2056;2051;2048;2043
430;2043;2045;2040;2040;2034;2035
431;2042;2041;2047;2056;2024;2028
432;2041;2044;2064;2046;2051;2048
433;2056;2045;2040;2045;2026;2032
434;2045;2048;2057;2063;2048;2027
435;2041;2043;2052;2080;2034;2039
436;2064;2056;2045;2048;2024;2017
437;2044;2044;2064;2066;2015;2048
438;2041;2025;2056;2056;2027;2034
439;2044;2041;2056;2055;2048;2016
440;2043;2043;2080;2080;2011;2023
441;2044;2056;2047;2054;2027;2030
442;2042;2044;2064;2064;2019;2048
443;2041;2045;2072;2072;2016;2015
444;2044;2044;2061;2067;2048;2025
445;2039;2045;2064;2080;2011;2007
446;2042;2056;2075;2077;2001;2016
447;2042;2044;2070;2067;2019;2048
448;2041;2043;2064;2067;2016;2002
449;2044;2045;2089;2087;1994;2001
450;2047;2043;2080;2080;2003;2015
451;2042;2041;2069;2072;2000;2016
452;2042;2044;2096;2098;1991;1994
453;2041;2043;2083;2080;2016;2003
454;2044;2064;2073;2083;1989;1987
455;2043;2043;2096;2112;1983;1995
456;2045;2056;2085;2080;2001;2016
457;2043;2044;2096;2096;1991;1984
458;2056;2043;2097;2112;1984;2000
459;2044;2045;2089;2087;1998;2001
460;2043;2044;2080;2082;2000;1987
461;2041;2041;2099;2099;1984;2016
462;2040;2045;2096;2096;2003;2002
463;2041;2045;2077;2081;2016;2000
464;2044;2045;2089;2095;1989;2000
465;2043;2045;2080;2080;2003;2011
466;2044;2056;2069;2073;1997;2016
467;2042;2046;2096;2096;1995;2000
468;2041;2045;2080;2080;2016;2007
469;2044;2044;2073;2083;1993;1992
470;2043;2043;2096;2112;2000;1999
471;2044;2041;2085;2078;2001;2016
472;2043;2046;2096;2096;1991;1985
473;2041;2043;2094;2096;1984;2000
474;2044;2042;2089;2087;1994;2000
475;2043;2042;2084;2112;1983;1987
476;2042;2041;2099;2100;1984;2016
477;2042;2046;2096;2096;1995;1994
478;2041;2043;2085;2093;1984;1979
479;2045;2044;2105;2107;1975;1987
480;2043;2043;2096;2112;2000;1995
481;2041;2041;2091;2092;1984;1984
482;2034;2044;2106;2106;1979;1983
483;2041;2043;2093;2091;2016;2000
484;2044;2044;2093;2103;1974;1971
485;2041;2045;2110;2112;1971;1987
486;2044;2041;2099;2093;1987;1984
487;2043;2044;2096;2098;1975;1970
488;2041;2043;2109;2112;1984;1979
489;2044;2044;2105;2099;1981;1985
490;2043;2043;2100;2112;1970;1971
491;2044;2041;2113;2110;1969;1984
492;2043;2044;2102;2098;1987;1982
493;2041;2043;2096;2112;1984;1970
494;2044;2064;2109;2115;1971;1984
495;2041;2045;2104;2112;1983;1987
496;2042;2041;2095;2097;1984;1984
497;2041;2044;2110;2110;1975;1981
498;2041;2043;2099;2096;1984;2000
499;2044;2044;2104;2103;1970;1984
500;2041;2043;2109;2112;1971;1987
501;2044;2056;2097;2091;1984;2016
502;2043;2046;2096;2099;1975;1974
503;2041;2047;2107;2112;1984;1983
504;2044;2044;2104;2095;1985;1987
505;2043;2044;2096;2112;1971;1979
506;2064;2045;2103;2103;1984;2016
507;2042;2044;2096;2098;1991;1987
508;2041;2043;2095;2112;1984;1975
509;2044;2044;2105;2107;1977;1987
510;2043;2042;2096;2112;2000;1991
511;2044;2056;2091;2099;1984;1984
512;2045;2044;2100;2099;1983;1986
513;2041;2043;2090;2089;2016;2000
514;2044;2045;2089;2099;1976;1984
515;2043;2043;2104;2112;1979;1991
516;2041;2041;2091;2088;1989;2016
517;2042;2044;2096;2098;1983;1979
518;2041;2043;2104;2112;1984;2000
519;2044;2044;2093;2095;1985;1987
520;2043;2044;2096;2112;1975;1983
521;2042;2041;2103;2099;1984;2016
522;2043;2044;2096;2098;1991;1984
523;2041;2045;2094;2112;1984;1978
524;2044;2042;2105;2107;1978;1985
525;2043;2044;2096;2112;1983;1987
526;2044;2041;2095;2098;1984;2016
527;2043;2044;2097;2098;1991;1991
528;2041;2045;2088;2088;2016;2000
529;2044;2044;2089;2095;1982;1984
530;2041;2074;2100;2112;1982;1991
531;2044;2056;2093;2093;1984;1984
532;2042;2048;2100;2099;1975;1973
533;2041;2047;2106;2112;1984;1982
534;2044;2064;2105;2099;1980;1984
535;2043;2045;2100;2112;1978;1983
536;2042;2056;2103;2097;1984;2016
537;2041;2044;2096;2096;1991;1986
538;2041;2043;2094;2096;1984;1983
539;2044;2044;2105;2099;1983;1992
540;2041;2044;2096;2112;2000;1995
541;2041;2056;2091;2092;1984;1984
542;2041;2047;2096;2098;1987;1987
543;2041;2043;2092;2093;2016;2000
544;2044;2045;2093;2099;1979;1984
545;2043;2041;2100;2112;1982;1991
546;2032;2056;2097;2092;1984;2016
547;2042;2044;2098;2098;1987;1983
548;2041;2043;2098;2112;1984;1983
549;2044;2064;2105;2107;1973;1984
550;2043;2045;2104;2112;1975;1983
551;2044;2041;2101;2107;1969;1984
552;2042;2044;2106;2107;1975;1970
553;2041;2043;2107;2112;1984;1970
554;2044;2043;2109;2115;1968;1984
555;2043;2043;2109;2112;1970;1975
556;2042;2041;2113;2111;1965;1984
557;2041;2044;2110;2110;1975;1973
558;2041;2043;2105;2112;1984;1970
559;2044;2064;2121;2119;1964;1969
560;2043;2043;2111;2112;1970;1975
561;2043;2041;2111;2113;1961;1984
562;2043;2044;2128;2128;1959;1960
563;2045;2043;2120;2120;1984;1968
564;2045;2044;2121;2127;1951;1955
565;2035;2043;2111;2144;1947;1955
566;2041;2041;2131;2128;1952;1952
567;2044;2045;2132;2130;1947;1943
568;2041;2043;2138;2144;1952;1943
569;2044;2044;2137;2143;1938;1944
570;2043;2043;2144;2144;1938;1943
571;2044;2041;2143;2139;1919;1952
572;2041;2044;2160;2142;1939;1937
573;2041;2043;2143;2145;1952;1938
574;2044;2044;2153;2147;1933;1937
575;2043;2043;2144;2144;1936;1939
576;2042;2041;2145;2148;1919;1952
577;2043;2044;2160;2160;1935;1936
578;2045;2043;2145;2145;1952;1938
579;2044;2042;2153;2159;1919;1919
580;2041;2042;2160;2157;1936;1931
581;2044;2041;2159;2157;1919;1916
582;2040;2044;2164;2163;1915;1911
583;2057;2043;2168;2169;1906;1914
584;2044;2044;2169;2175;1907;1909
585;2043;2044;2175;2174;1906;1907
586;2044;2041;2181;2174;1899;1905
587;2043;2044;2175;2174;1907;1905
588;2041;2043;2184;2175;1898;1904
589;2044;2044;2185;2187;1895;1904
590;2043;2045;2184;2172;1904;1911
591;2044;2056;2177;2178;1901;1905
592;2043;2044;2192;2192;1915;1910
593;2041;2043;2168;2163;1912;1936
594;2044;2044;2168;2167;1914;1919
595;2043;2042;2164;2164;1936;1923
596;2042;2041;2161;2151;1919;1923
597;2042;2045;2160;2162;1919;1925
598;2041;2043;2154;2163;1922;1936
599;2040;2044;2168;2163;1921;1919
600;2043;2043;2164;2155;1911;1927
601;2044;2041;2159;2163;1917;1920
602;2041;2044;2162;2163;1923;1912
603;2041;2043;2169;2160;1908;1915
604;2044;2041;2169;2167;1913;1919
605;2043;2045;2164;2164;1919;1915
606;2045;2041;2169;2163;1909;1910
607;2042;2044;2169;2163;1915;1920
608;2041;2045;2161;2163;1914;1918
609;2044;2044;2169;2175;1910;1912
610;2043;2043;2172;2164;1911;1923
611;2044;2041;2161;2157;1915;1916
612;2042;2045;2164;2167;1911;1907
613;2041;2043;2176;2171;1910;1915
614;2044;2044;2224;2167;1911;1913
615;2042;2056;2209;2170;1906;1907
616;2042;2045;2224;2173;1907;1909
617;2056;2043;2224;2167;1915;1907
618;2044;2064;2217;2173;1898;1906
619;2045;2044;2216;2183;1898;1905
620;2041;2056;2223;2208;1906;1907
621;2045;2045;2224;2177;1896;1894
622;2041;2043;2200;2192;1895;1901
623;2044;2042;2217;2175;1894;1904
624;2041;2049;2212;2191;1893;1889
625;2044;2041;2205;2208;1887;1899
626;2042;2044;2224;2185;1889;1894
627;2041;2043;2218;2195;1891;1881
628;2044;2064;2217;2213;1888;1886
629;2043;2043;2212;2195;1876;1889
630;2036;2056;2217;2208;1875;1883
631;2042;2045;2224;2202;1888;1888
632;2041;2047;2210;2194;1883;1883
633;2044;2044;2216;2208;1888;1882
634;2043;2048;2224;2211;1883;1888
635;2044;2056;2213;2208;1883;1887
636;2042;2044;2224;2195;1872;1888
637;2041;2043;2220;2203;1887;1883
638;2044;2044;2217;2195;1888;1875
639;2041;2045;2224;2199;1869;1888
640;2041;2041;2223;2208;1875;1891
641;2042;2045;2224;2194;1888;1888
642;2041;2043;2219;2195;1879;1877
643;2044;2044;2232;2208;1888;1883
644;2041;2045;2224;2199;1878;1877
645;2041;2056;2211;2208;1872;1888
646;2041;2045;2224;2224;1863;1864
647;2041;2043;2217;2216;1888;1874
648;2046;2042;2217;2219;1872;1864
649;2041;2043;2224;2240;1872;1863
650;2044;2056;2215;2204;1858;1888
651;2045;2045;2224;2226;1875;1872
652;2041;2047;2216;2225;1856;1851
653;2044;2044;2233;2207;1861;1859
654;2043;2043;2224;2240;1872;1883
655;2041;2056;2207;2224;1856;1856
656;2043;2046;2256;2224;1871;1858
657;2041;2045;2223;2251;1856;1874
658;2044;2044;2217;2227;1854;1856
659;2041;2045;2239;2240;1872;1859
660;2044;2041;2227;2218;1856;1888
661;2044;2044;2224;2226;1859;1858
662;2041;2043;2222;2240;1888;1854
663;2044;2045;2233;2219;1852;1857
664;2041;2043;2208;2240;1843;1855
665;2042;2041;2235;2239;1856;1856
666;2042;2045;2256;2231;1847;1840
667;2041;2045;2238;2240;1832;1842
668;2044;2064;2249;2247;1840;1837
669;2043;2045;2239;2272;1842;1835
670;2040;2056;2247;2243;1827;1832
671;2041;2045;2256;2258;1839;1833
672;2041;2047;2248;2248;1832;1840
673;2040;2064;2249;2251;1828;1833
674;2041;2043;2239;2272;1842;1843
675;2041;2041;2245;2241;1837;1856
676;2042;2045;2256;2256;1835;1838
677;2041;2045;2243;2248;1856;1842
678;2044;2064;2249;2243;1840;1833
679;2043;2048;2239;2240;1842;1847
680;2044;2056;2239;2244;1835;1856
681;2040;2045;2236;2227;1855;1832
682;2041;2043;2248;2241;1856;1851
683;2044;2046;2233;2243;1834;1856
684;2041;2045;2236;2240;1872;1843
685;2040;2041;2245;2239;1841;1856
686;2040;2044;2230;2227;1843;1849
687;2041;2043;2232;2240;1856;1847
688;2044;2070;2237;2243;1848;1856
689;2041;2042;2236;2240;1843;1863
690;2041;2056;2223;2226;1857;1856
691;2041;2044;2228;2231;1859;1847
692;2041;2047;2233;2219;1856;1872
693;2044;2044;2217;2223;1853;1864
694;2041;2045;2224;2240;1872;1855
695;2044;2056;2235;2222;1856;1856
696;2043;2047;2228;2226;1851;1855
697;2041;2043;2227;2240;1856;1847
698;2044;2064;2237;2235;1853;1856
699;2041;2045;2232;2240;1843;1859
700;2044;2056;2227;2233;1856;1856
701;2041;2048;2236;2234;1859;1847
702;2041;2045;2234;2226;1856;1851
703;2044;2044;2233;2235;1845;1856
704;2043;2042;2236;2240;1850;1851
705;2041;2041;2235;2227;1856;1856
706;2040;2045;2236;2234;1847;1848
707;2041;2043;2234;2240;1856;1843
708;2044;2045;2233;2235;1845;1856
709;2041;2045;2233;2240;1843;1851
710;2041;2041;2247;2234;1856;1856
711;2041;2045;2237;2227;1851;1845
712;2041;2043;2235;2240;1856;1843
713;2044;2044;2237;2243;1846;1856
714;2045;2042;2239;2240;1843;1847
715;2040;2056;2239;2235;1833;1856
716;2041;2045;2233;2239;1851;1842
717;2041;2045;2240;2240;1856;1842
718;2044;2048;2248;2239;1834;1856
719;2041;2044;2236;2272;1843;1847
720;2043;2056;2241;2238;1856;1856
721;2042;2046;2256;2238;1839;1842
722;2041;2045;2236;2240;1856;1843
723;2040;2044;2237;2247;1845;1835
724;2045;2045;2239;2272;1840;1843
725;2044;2056;2243;2235;1840;1856
726;2041;2049;2236;2256;1847;1834
727;2056;2045;2249;2243;1856;1840
728;2044;2044;2249;2243;1835;1856
729;2041;2042;2237;2272;1842;1843
730;2044;2041;2245;2243;1840;1856
731;2040;2045;2256;2238;1839;1841
732;2041;2045;2237;2242;1856;1842
733;2044;2064;2249;2251;1838;1834
734;2043;2041;2239;2272;1842;1843
735;2044;2056;2241;2241;1835;1856
736;2040;2045;2256;2256;1843;1835
737;2041;2043;2243;2241;1856;1842
738;2047;2044;2248;2247;1835;1840
739;2041;2043;2239;2240;1842;1839
740;2041;2041;2245;2239;1840;1856
741;2043;2044;2256;2239;1843;1840
742;2041;2043;2242;2245;1856;1842
743;2044;2044;2249;2243;1841;1842
744;2045;2043;2239;2272;1842;1847
745;2044;2056;2241;2242;1842;1856
746;2043;2048;2288;2238;1847;1841
747;2041;2043;2240;2240;1856;1843
748;2045;2044;2248;2247;1840;1856
749;2043;2044;2239;2272;1843;1847
750;2044;2056;2239;2232;1840;1856
751;2043;2044;2236;2239;1847;1844
752;2041;2043;2240;2240;1856;1843
753;2044;2044;2237;2235;1840;1856
754;2043;2045;2237;2272;1842;1855
755;2044;2041;2237;2235;1856;1856
756;2042;2045;2236;2227;1847;1842
757;2056;2045;2235;2240;1856;1854
758;2044;2048;2233;2255;1850;1856
759;2041;2043;2237;2240;1850;1847
760;2041;2056;2237;2228;1856;1856
761;2041;2044;2229;2231;1855;1852
762;2041;2043;2233;2240;1856;1843
763;2044;2044;2237;2231;1846;1856
764;2043;2041;2232;2240;1851;1863
765;2042;2041;2255;2231;1856;1856
766;2040;2045;2232;2226;1855;1853
767;2041;2043;2227;2224;1856;1872
768;2044;2044;2232;2231;1857;1856
769;2041;2043;2232;2240;1855;1863
770;2040;2056;2225;2217;1859;1888
771;2041;2045;2224;2226;1863;1858
772;2041;2041;2226;2224;1860;1872
773;2044;2044;2217;2215;1862;1865
774;2043;2043;2224;2240;1872;1867
775;2044;2056;2221;2216;1867;1888
776;2042;2044;2224;2224;1875;1875
777;2041;2043;2209;2211;1888;1874
778;2044;2042;2217;2211;1875;1873
779;2041;2046;2208;2208;1875;1887
780;2044;2045;2201;2202;1878;1888
781;2042;2047;2224;2202;1887;1882
782;2041;2043;2200;2175;1888;1904
783;2044;2043;2185;2191;1890;1893
784;2043;2043;2208;2208;1904;1895
785;2045;2041;2189;2177;1904;1903
786;2044;2044;2192;2174;1903;1906
787;2041;2043;2177;2175;1906;1906
788;2044;2044;2184;2175;1912;1913
789;2041;2045;2172;2162;1907;1919
790;2042;2045;2167;2168;1913;1914
791;2043;2044;2166;2163;1927;1916
792;2041;2045;2163;2160;1915;1918
793;2044;2045;2169;2171;1915;1919
794;2043;2043;2164;2158;1936;1923
795;2042;2041;2163;2153;1919;1920
796;2043;2045;2160;2162;1927;1931
797;2041;2045;2152;2152;1952;1938
798;2044;2064;2153;2147;1934;1919
799;2041;2043;2148;2144;1939;1951
800;2041;2041;2135;2134;1953;1952
801;2041;2044;2132;2130;1959;1950
802;2041;2045;2130;2128;1952;1968
803;2044;2044;2121;2123;1963;1963
804;2043;2043;2111;2144;1968;1963
805;2064;2041;2123;2117;1961;1984
806;2042;2046;2128;2128;1971;1966
807;2041;2043;2116;2120;1984;1968
808;2044;2042;2121;2123;1961;1968
809;2041;2043;2111;2144;1970;1971
810;2044;2056;2117;2117;1963;1984
811;2043;2045;2128;2128;1963;1960
812;2041;2045;2120;2117;1984;1970
813;2044;2044;2121;2127;1959;1955
814;2041;2041;2111;2144;1968;1963
815;2041;2056;2123;2119;1961;1984
816;2043;2045;2128;2130;1963;1953
817;2041;2045;2131;2128;1984;1968
818;2044;2044;2121;2123;1958;1968
819;2043;2041;2111;2144;1970;1963
820;2039;2056;2123;2119;1963;1984
821;2041;2044;2128;2111;1967;1963
822;2041;2045;2114;2120;1984;1970
823;2044;2048;2121;2123;1965;1963
824;2041;2043;2111;2144;1970;1971
825;2041;2056;2115;2117;1963;1984
826;2041;2044;2128;2128;1967;1957
827;2041;2043;2124;2115;1984;1970
828;2044;2064;2121;2131;1955;1961
829;2043;2045;2111;2144;1968;1959
830;2042;2056;2125;2116;1963;1984
831;2041;2044;2128;2130;1959;1958
832;2041;2043;2121;2120;1984;1968
833;2044;2064;2121;2119;1961;1960
834;2043;2043;2111;2144;1970;1967
835;2042;2056;2119;2119;1965;1984
836;2041;2044;2128;2110;1971;1961
837;2041;2043;2120;2113;1984;1971
838;2044;2044;2105;2115;1971;1984
839;2043;2042;2108;2112;1982;1979
840;2041;2056;2107;2103;1984;1984
841;2042;2044;2103;2099;1983;1982
842;2041;2047;2104;2112;2016;1978
843;2044;2043;2105;2103;1977;1984
844;2043;2044;2104;2112;1971;1987
845;2044;2041;2099;2103;1984;1984
846;2043;2044;2105;2099;1979;1976
847;2041;2045;2101;2112;1984;1983
848;2044;2064;2104;2103;1983;1984
849;2043;2043;2104;2112;2000;1987
850;2042;2041;2097;2086;1992;2016
851;2042;2045;2096;2096;1995;1991
852;2073;2043;2091;2089;2016;2000
853;2044;2045;2089;2087;1993;1997
854;2041;2045;2088;2084;2000;1995
855;2041;2056;2089;2090;1993;2016
856;2043;2045;2096;2096;1995;1990
857;2041;2047;2090;2089;2016;2000
858;2044;2044;2093;2103;1987;1985
859;2043;2043;2096;2112;2000;1991
860;2044;2056;2091;2090;1985;2016
861;2040;2047;2097;2099;1987;1983
862;2041;2047;2095;2091;2016;2000
863;2044;2064;2093;2095;1983;1984
864;2041;2048;2100;2112;1983;1987
865;2041;2056;2097;2092;1992;2016
866;2043;2045;2096;2098;1991;1985
867;2041;2043;2095;2112;2016;2000
868;2044;2042;2093;2095;1989;1989
869;2041;2044;2096;2112;2000;1991
870;2045;2056;2091;2093;1992;2016
871;2042;2045;2096;2096;1999;1990
872;2041;2045;2090;2088;2016;2000
873;2044;2044;2089;2095;1991;1993
874;2043;2044;2096;2112;2002;1995
875;2044;2056;2089;2083;1989;2016
876;2041;2045;2096;2098;1995;1994
877;2041;2043;2083;2088;2016;2002
878;2044;2048;2089;2083;1995;1993
879;2043;2045;2088;2080;2002;2011
880;2042;2056;2075;2077;2016;2016
881;2041;2045;2069;2066;2023;2048
882;2041;2043;2069;2057;2020;2034
883;2045;2044;2056;2051;2048;2041
884;2041;2043;2040;2034;2043;2051
885;2044;2041;2039;2048;2047;2080
886;2042;2046;2032;2032;2063;2064
887;2041;2047;2016;2032;2080;2064
888;2044;2044;2025;2027;2060;2065
889;2041;2048;2016;2016;2074;2083
890;2041;2041;2003;2003;2080;2080
891;2045;2016;2004;2003;2087;2084
892;2056;2047;1993;1985;2112;2098
893;2044;2044;1981;1987;2092;2091
894;2043;2043;1952;2016;2098;2099
895;2044;2041;1985;1982;2112;2112
896;2043;2046;2000;2000;2091;2082
897;2041;2045;1995;2001;2082;2096
898;2040;2041;1993;1995;2091;2088
899;2043;2045;1983;2016;2078;2079
900;2042;2056;2005;2004;2080;2082
901;2041;2044;2000;2002;2091;2082
902;2041;2043;1995;2001;2080;2064
903;2044;2044;2009;2011;2072;2080
904;2043;2044;1983;2016;2096;2083
905;2044;2041;2003;2048;2080;2080
906;2043;2044;2032;2032;2071;2069
907;2041;2045;2008;2008;2080;2075
908;2044;2044;2008;2015;2068;2059
909;2043;2043;2032;2018;2066;2071
910;2043;2077;2011;2048;2080;2080
911;2042;2044;2007;2015;2067;2057
912;2041;2045;2024;2026;2080;2066
913;2045;2044;2013;2015;2069;2072
914;2043;2044;2016;2016;2064;2059
915;2045;2056;2029;2048;2057;2080
916;2042;2046;2032;2032;2071;2060
917;2041;2045;2017;2024;2080;2064
918;2044;2064;2029;2035;2052;2059
919;2043;2044;2020;2017;2067;2067
920;2041;2056;2019;2048;2056;2048
921;2041;2044;2032;2034;2059;2061
922;2041;2045;2016;2017;2080;2066
923;2044;2044;2024;2023;2055;2049
924;2043;2044;2032;2027;2064;2067
925;2044;2056;2019;2048;2069;2080
926;2043;2044;2032;2032;2063;2052
927;2041;2045;2024;2024;2080;2067
928;2044;2042;2009;2007;2075;2080
929;2043;2044;1983;2016;2066;2067
930;2041;2056;2017;2048;2080;2080
931;2042;2045;2004;2002;2091;2085
932;2056;2043;1997;2001;2080;2071
933;2044;2044;2009;2011;2080;2085
934;2039;2043;1983;2016;2098;2095
935;2044;2056;1989;1991;2081;2080
936;2044;2044;2002;2002;2087;2090
937;2041;2043;1988;1985;2112;2098
938;2045;2044;1993;1991;2084;2081
939;2043;2041;1983;2016;2096;2099
940;2044;2056;1987;1981;2112;2112
941;2041;2046;2000;2000;2091;2082
942;2041;2043;1997;1995;2112;2098
943;2044;2044;1981;1983;2102;2112
944;2039;2044;1983;2016;2098;2087
945;2041;2041;1995;1990;2091;2112
946;2042;2044;1981;1978;2107;2098
947;2041;2047;1984;1992;2112;2079
948;2044;2048;2009;1999;2086;2089
949;2041;2045;1983;2016;2098;2095
950;2044;2041;1991;2000;2080;2080
951;2042;2044;2032;2007;2083;2081
952;2041;2043;1995;1992;2112;2096
953;2044;2048;1993;2007;2074;2080
954;2043;2043;2016;2016;2096;2091
955;2044;2056;1993;1986;2096;2112
956;2043;2044;2000;2002;2083;2079
957;2056;2045;2000;2001;2112;2098
958;2044;2048;1993;1987;2098;2096
959;2045;2042;1983;2016;2096;2087
960;2044;2056;1993;1994;2093;2112
961;2043;2044;1981;1946;2107;2096
962;2041;2045;1984;1987;2112;2096
963;2044;2044;1993;1995;2096;2112
964;2043;2042;1980;1984;2106;2103
965;2044;2041;1983;1985;2096;2112
966;2042;2045;2000;2000;2103;2105
967;2041;2043;1976;1984;2112;2106
968;2044;2044;2009;1987;2097;2096
969;2043;2043;1983;1984;2103;2115
970;2044;2056;1971;1970;2113;2112
971;2042;2044;1972;1971;2107;2098
972;2041;2043;1979;1984;2112;2128
973;2040;2064;1965;1967;2114;2112
974;2041;2043;1972;1984;2106;2103
975;2044;2041;1977;1974;2112;2144
976;2042;2044;1968;1970;2119;2108
977;2041;2047;1968;1984;2112;2099
978;2044;2044;1977;1983;2106;2113
979;2041;2044;1972;1984;2111;2111
980;2044;2041;1975;1977;2112;2112
981;2043;2046;1980;1979;2111;2110
982;2041;2045;1967;1968;2112;2106
983;2044;2044;1977;1983;2099;2112
984;2043;2043;1981;1984;2106;2115
985;2044;2056;1971;1968;2112;2112
986;2042;2044;1975;1979;2099;2096
987;2041;2045;1982;1984;2112;2107
988;2044;2044;1977;1979;2106;2112
989;2041;2043;1980;2016;2098;2099
990;2045;2056;1987;1981;2112;2112
991;2040;2046;1974;1975;2107;2097
992;2041;2043;1984;1987;2112;2098
993;2044;2048;1993;1991;2098;2112
994;2043;2043;1980;1984;2099;2095
995;2042;2041;1985;1987;2091;2112
996;2043;2044;2000;2000;2103;2100
997;2041;2043;1979;1984;2112;2098
998;2044;2044;1981;1991;2090;2091
999;2043;2043;1983;2016;2099;2107
1000;2040;2056;1977;1976;2112;2112
1001;2043;2046;1980;2000;2099;2096
1002;2041;2003;1985;1984;2112;2107
1003;2044;2045;1977;1975;2104;2112
1004;2043;2043;1983;1984;2099;2103
1005;2042;2056;1981;1978;2112;2112
1006;2042;2046;1976;1971;2107;2101
1007;2041;2041;1979;1984;2112;2099
1008;2044;2044;1977;1983;2106;2112
1009;2041;2045;1972;1984;2107;2107
1010;2045;2041;1977;1979;2112;2112
1011;2043;2046;1980;1975;2111;2104
1012;2041;2043;1972;1984;2112;2098
1013;2044;2045;1981;1991;2094;2096
1014;2043;2044;1983;2016;2099;2103
1015;2044;2056;1981;1980;2112;2112
1016;2043;2044;2000;2000;2099;2096
1017;2029;2045;1982;1984;2112;2106
1018;2044;2044;1977;1975;2104;2112
1019;2041;2042;1980;2016;2107;2103
1020;2043;2056;1981;1978;2112;2112
1021;2045;2044;1975;1975;2103;2096
1022;2041;2043;1984;1988;2112;2098
1023;2045;2041;1992;1987;2098;2112
